seed,fold,model,acc,macro_f1,event_f1,event_prec,event_rec
0,0,base_majority,0.3205574912891986,0.0970976253298153,0.48548812664907653,0.3205574912891986,1.0
0,0,base_random,0.18641114982578397,0.17001535153495995,0.2214765100671141,0.2894736842105263,0.1793478260869565
0,0,base_keyword,0.3362369337979094,0.1802195473425447,0.526595744680851,0.515625,0.5380434782608695
0,0,proposed_char_tb,0.7717770034843205,0.6836353671717733,0.8421052631578947,0.8587570621468926,0.8260869565217391
0,0,proposed@산업,0.8275862068965517,0.760368809000388,0.8918918918918919,,
0,0,proposed@안보,0.7070707070707071,0.5586615762072247,0.5625,,
0,0,proposed@비CBRN,0.7871287128712872,0.6920568836208048,0.850828729281768,,
0,0,abl_char_title,0.7229965156794426,0.6055592335933608,0.8285714285714286,0.8734939759036144,0.7880434782608695
0,0,abl_word_tb,0.7421602787456446,0.6194848012725591,0.8429752066115702,0.8547486033519553,0.8315217391304348
0,0,abl_char_tb_bk,0.7508710801393729,0.6417710578990068,0.8484848484848485,0.8603351955307262,0.8369565217391305
0,1,base_majority,0.3205574912891986,0.0970976253298153,0.48548812664907653,0.3205574912891986,1.0
0,1,base_random,0.18292682926829268,0.1703818405556463,0.22666666666666666,0.29310344827586204,0.18478260869565216
0,1,base_keyword,0.3048780487804878,0.16281646236151479,0.47668393782383417,0.45544554455445546,0.5
0,1,proposed_char_tb,0.8048780487804879,0.7548874174575109,0.8864864864864865,0.8817204301075269,0.8913043478260869
0,1,proposed@산업,0.8529411764705882,0.6945686900048098,0.9325842696629213,,
0,1,proposed@안보,0.7361963190184049,0.6360915204904974,0.5185185185185185,,
0,1,proposed@비CBRN,0.8115942028985508,0.7908327514779128,0.896969696969697,,
0,1,abl_char_title,0.7560975609756098,0.6831077966669135,0.8502673796791443,0.8368421052631579,0.8641304347826086
0,1,abl_word_tb,0.7822299651567944,0.7295503190074688,0.8661417322834646,0.8375634517766497,0.8967391304347826
0,1,abl_char_tb_bk,0.8031358885017421,0.7561932660809865,0.894878706199461,0.8877005347593583,0.9021739130434783
0,2,base_majority,0.32111692844677137,0.09722589167767504,0.4861294583883752,0.32111692844677137,1.0
0,2,base_random,0.18848167539267016,0.16796036529152505,0.2895622895622896,0.3805309734513274,0.23369565217391305
0,2,base_keyword,0.3333333333333333,0.1783152040740228,0.5121293800539084,0.5080213903743316,0.5163043478260869
0,2,proposed_char_tb,0.7661431064572426,0.7114397657395183,0.8705234159779615,0.88268156424581,0.8586956521739131
0,2,proposed@산업,0.8609625668449198,0.8166692899914457,0.8982035928143712,,
0,2,proposed@안보,0.6666666666666666,0.537095258986283,0.6111111111111112,,
0,2,proposed@비CBRN,0.7669902912621359,0.6734033613445378,0.9,,
0,2,abl_char_title,0.6963350785340314,0.6264748195352264,0.814404432132964,0.8305084745762712,0.7989130434782609
0,2,abl_word_tb,0.7364746945898778,0.6287229954058926,0.862533692722372,0.8556149732620321,0.8695652173913043
0,2,abl_char_tb_bk,0.7539267015706806,0.6871281293404865,0.8657534246575342,0.8729281767955801,0.8586956521739131
0,3,base_majority,0.3228621291448517,0.09762532981530343,0.48812664907651715,0.3228621291448517,1.0
0,3,base_random,0.18324607329842932,0.16731814252525273,0.21782178217821782,0.2796610169491525,0.1783783783783784
0,3,base_keyword,0.32111692844677137,0.17215686274509806,0.5,0.5027322404371585,0.4972972972972973
0,3,proposed_char_tb,0.7661431064572426,0.7110401378667606,0.8502673796791443,0.8412698412698413,0.8594594594594595
0,3,proposed@산업,0.8492462311557789,0.7921054049049807,0.9130434782608695,,
0,3,proposed@안보,0.6758241758241759,0.564518397204935,0.4444444444444444,,
0,3,proposed@비CBRN,0.765625,0.6881697697507644,0.8466257668711656,,
0,3,abl_char_title,0.7609075043630017,0.7024081820692656,0.8517520215633423,0.8494623655913979,0.8540540540540541
0,3,abl_word_tb,0.7539267015706806,0.6864113481137202,0.8713910761154856,0.8469387755102041,0.8972972972972973
0,3,abl_char_tb_bk,0.7783595113438045,0.7205101816672558,0.8571428571428571,0.8548387096774194,0.8594594594594595
0,4,base_majority,0.3228621291448517,0.09762532981530343,0.48812664907651715,0.3228621291448517,1.0
0,4,base_random,0.225130890052356,0.20549018351334541,0.28668941979522183,0.3888888888888889,0.22702702702702704
0,4,base_keyword,0.31413612565445026,0.16943790221367727,0.5041095890410959,0.5111111111111111,0.4972972972972973
0,4,proposed_char_tb,0.7609075043630017,0.7037810005082712,0.8534031413612565,0.8274111675126904,0.8810810810810811
0,4,proposed@산업,0.8522167487684729,0.7770634566269579,0.9265536723163842,,
0,4,proposed@안보,0.7005649717514124,0.5440716326832657,0.5333333333333333,,
0,4,proposed@비CBRN,0.7202072538860104,0.6546461879064618,0.8342857142857143,,
0,4,abl_char_title,0.7137870855148342,0.646559764901904,0.7923497267759563,0.8011049723756906,0.7837837837837838
0,4,abl_word_tb,0.7504363001745201,0.6691497285127367,0.8746803069053708,0.8300970873786407,0.9243243243243243
0,4,abl_char_tb_bk,0.7521815008726004,0.6988073127929337,0.8481675392670157,0.8223350253807107,0.8756756756756757
1,0,base_majority,0.3205574912891986,0.0970976253298153,0.48548812664907653,0.3205574912891986,1.0
1,0,base_random,0.1916376306620209,0.17126659934017177,0.21201413427561838,0.30303030303030304,0.16304347826086957
1,0,base_keyword,0.3240418118466899,0.17242933569232063,0.49222797927461137,0.47029702970297027,0.5163043478260869
1,0,proposed_char_tb,0.7874564459930313,0.7227527823400465,0.8517520215633423,0.8449197860962567,0.8586956521739131
1,0,proposed@산업,0.8275862068965517,0.687478489838303,0.8928571428571429,,
1,0,proposed@안보,0.7040816326530612,0.6426316908844514,0.5714285714285714,,
1,0,proposed@비CBRN,0.8333333333333334,0.7703463203463203,0.8690476190476191,,
1,0,abl_char_title,0.7317073170731707,0.6521543024717769,0.8225806451612904,0.8138297872340425,0.8315217391304348
1,0,abl_word_tb,0.7717770034843205,0.7273260589753525,0.8556430446194225,0.8274111675126904,0.8858695652173914
1,0,abl_char_tb_bk,0.7700348432055749,0.7035590555493023,0.8555858310626703,0.8579234972677595,0.8532608695652174
1,1,base_majority,0.3205574912891986,0.0970976253298153,0.48548812664907653,0.3205574912891986,1.0
1,1,base_random,0.2038327526132404,0.18667586293809907,0.2679738562091503,0.3360655737704918,0.22282608695652173
1,1,base_keyword,0.3240418118466899,0.17465680649411364,0.521505376344086,0.5159574468085106,0.5271739130434783
1,1,proposed_char_tb,0.764808362369338,0.703438465849948,0.8532608695652174,0.8532608695652174,0.8532608695652174
1,1,proposed@산업,0.8333333333333334,0.6648631946037067,0.906832298136646,,
1,1,proposed@안보,0.6728395061728395,0.5677345116450336,0.18181818181818182,,
1,1,proposed@비CBRN,0.7710280373831776,0.7110333516772591,0.8864864864864865,,
1,1,abl_char_title,0.7160278745644599,0.6099313986822195,0.8333333333333334,0.8522727272727273,0.8152173913043478
1,1,abl_word_tb,0.735191637630662,0.6658134093168654,0.8346883468834688,0.8324324324324325,0.8369565217391305
1,1,abl_char_tb_bk,0.7526132404181185,0.683624242766406,0.8467966573816156,0.8685714285714285,0.8260869565217391
1,2,base_majority,0.32111692844677137,0.09722589167767504,0.4861294583883752,0.32111692844677137,1.0
1,2,base_random,0.2006980802792321,0.18789670273014553,0.2576271186440678,0.34234234234234234,0.20652173913043478
1,2,base_keyword,0.3228621291448517,0.17299681450624846,0.5013477088948787,0.49732620320855614,0.5054347826086957
1,2,proposed_char_tb,0.7417102966841187,0.6866868525575633,0.8616187989556136,0.8291457286432161,0.8967391304347826
1,2,proposed@산업,0.8333333333333334,0.7287694977864818,0.9080459770114943,,
1,2,proposed@안보,0.6216216216216216,0.4931020149995482,0.5333333333333333,,
1,2,proposed@비CBRN,0.7653061224489796,0.7078040120606348,0.8715083798882681,,
1,2,abl_char_title,0.7277486910994765,0.6565024812682462,0.8457446808510638,0.828125,0.8641304347826086
1,2,abl_word_tb,0.7329842931937173,0.6523499579172465,0.856396866840731,0.8241206030150754,0.8913043478260869
1,2,abl_char_tb_bk,0.7399650959860384,0.6849956437894009,0.8645833333333334,0.83,0.9021739130434783
1,3,base_majority,0.3228621291448517,0.09762532981530343,0.48812664907651715,0.3228621291448517,1.0
1,3,base_random,0.1762652705061082,0.16311874956268407,0.19333333333333333,0.25217391304347825,0.15675675675675677
1,3,base_keyword,0.32460732984293195,0.17329686513780768,0.5154639175257731,0.49261083743842365,0.5405405405405406
1,3,proposed_char_tb,0.774869109947644,0.7392990807763544,0.875,0.8797814207650273,0.8702702702702703
1,3,proposed@산업,0.8817733990147784,0.8371755406073044,0.9273743016759777,,
1,3,proposed@안보,0.6629834254143646,0.6396883021055684,0.46153846153846156,,
1,3,proposed@비CBRN,0.7671957671957672,0.6950717879202261,0.8834355828220859,,
1,3,abl_char_title,0.7242582897033158,0.6501991929006071,0.8279569892473119,0.8235294117647058,0.8324324324324325
1,3,abl_word_tb,0.7399650959860384,0.6898295122470409,0.870026525198939,0.8541666666666666,0.8864864864864865
1,3,abl_char_tb_bk,0.7539267015706806,0.7091645990956327,0.859504132231405,0.8764044943820225,0.8432432432432433
1,4,base_majority,0.3228621291448517,0.09762532981530343,0.48812664907651715,0.3228621291448517,1.0
1,4,base_random,0.2006980802792321,0.17864245693012662,0.2689655172413793,0.37142857142857144,0.21081081081081082
1,4,base_keyword,0.31413612565445026,0.16925485183159011,0.4871060171919771,0.5182926829268293,0.4594594594594595
1,4,proposed_char_tb,0.7696335078534031,0.7301408658590168,0.8641304347826086,0.8688524590163934,0.8594594594594595
1,4,proposed@산업,0.86,0.816185817324859,0.9318181818181818,,
1,4,proposed@안보,0.7272727272727273,0.6407012807523446,0.6111111111111112,,
1,4,proposed@비CBRN,0.7157360406091371,0.6635781104262228,0.8461538461538461,,
1,4,abl_char_title,0.7155322862129145,0.6605122483362843,0.83008356545961,0.8563218390804598,0.8054054054054054
1,4,abl_word_tb,0.7399650959860384,0.6703232991193309,0.8556149732620321,0.8465608465608465,0.8648648648648649
1,4,abl_char_tb_bk,0.7626527050610821,0.710954118035193,0.8586956521739131,0.8633879781420765,0.8540540540540541
2,0,base_majority,0.3205574912891986,0.0970976253298153,0.48548812664907653,0.3205574912891986,1.0
2,0,base_random,0.20209059233449478,0.18438095201091845,0.25161290322580643,0.30952380952380953,0.21195652173913043
2,0,base_keyword,0.30662020905923343,0.16427057726540645,0.4787234042553192,0.46875,0.4891304347826087
2,0,proposed_char_tb,0.7735191637630662,0.7192214676605487,0.8608923884514436,0.8324873096446701,0.8913043478260869
2,0,proposed@산업,0.82,0.6595018892579867,0.8994708994708994,,
2,0,proposed@안보,0.7556818181818182,0.7554892322097377,0.75,,
2,0,proposed@비CBRN,0.7424242424242424,0.6752045351033987,0.8421052631578947,,
2,0,abl_char_title,0.7299651567944251,0.6558441451587191,0.8440860215053764,0.8351063829787234,0.8532608695652174
2,0,abl_word_tb,0.7700348432055749,0.7106754395826596,0.8534704370179949,0.8097560975609757,0.9021739130434783
2,0,abl_char_tb_bk,0.7543554006968641,0.6994695672035791,0.8525469168900804,0.8412698412698413,0.8641304347826086
2,1,base_majority,0.3205574912891986,0.0970976253298153,0.48548812664907653,0.3205574912891986,1.0
2,1,base_random,0.21428571428571427,0.19893073659840302,0.25418060200668896,0.33043478260869563,0.20652173913043478
2,1,base_keyword,0.3362369337979094,0.18238788797668778,0.5434173669467787,0.5606936416184971,0.5271739130434783
2,1,proposed_char_tb,0.7717770034843205,0.7411378574991914,0.8623376623376623,0.8258706467661692,0.9021739130434783
2,1,proposed@산업,0.8454106280193237,0.7528750319447994,0.9230769230769231,,
2,1,proposed@안보,0.6987951807228916,0.6830656659835124,0.5454545454545454,,
2,1,proposed@비CBRN,0.7562189054726368,0.7105289005201769,0.8397790055248618,,
2,1,abl_char_title,0.735191637630662,0.6934118064233439,0.835509138381201,0.8040201005025126,0.8695652173913043
2,1,abl_word_tb,0.7560975609756098,0.6870060971820517,0.8571428571428571,0.8208955223880597,0.8967391304347826
2,1,abl_char_tb_bk,0.7630662020905923,0.7379795615959633,0.859375,0.825,0.8967391304347826
2,2,base_majority,0.32111692844677137,0.09722589167767504,0.4861294583883752,0.32111692844677137,1.0
2,2,base_random,0.2181500872600349,0.19988034655421028,0.2602739726027397,0.35185185185185186,0.20652173913043478
2,2,base_keyword,0.31413612565445026,0.16696870026525198,0.46684350132625996,0.45595854922279794,0.4782608695652174
2,2,proposed_char_tb,0.7801047120418848,0.7206497830705909,0.8739946380697051,0.8624338624338624,0.8858695652173914
2,2,proposed@산업,0.85,0.7712598545906874,0.896969696969697,,
2,2,proposed@안보,0.6789473684210526,0.5140713780204227,0.4,,
2,2,proposed@비CBRN,0.812807881773399,0.7508510638297872,0.9042553191489362,,
2,2,abl_char_title,0.7155322862129145,0.6295323780617899,0.8486486486486486,0.8440860215053764,0.8532608695652174
2,2,abl_word_tb,0.7556719022687609,0.6862266930239197,0.870026525198939,0.8497409326424871,0.8913043478260869
2,2,abl_char_tb_bk,0.7417102966841187,0.6775780544391361,0.8594594594594595,0.8548387096774194,0.8641304347826086
2,3,base_majority,0.3228621291448517,0.09762532981530343,0.48812664907651715,0.3228621291448517,1.0
2,3,base_random,0.2094240837696335,0.1937522857972917,0.25675675675675674,0.34234234234234234,0.20540540540540542
2,3,base_keyword,0.32460732984293195,0.17408729652768923,0.510752688172043,0.5080213903743316,0.5135135135135135
2,3,proposed_char_tb,0.7853403141361257,0.7375877200086594,0.84593837535014,0.877906976744186,0.8162162162162162
2,3,proposed@산업,0.8502673796791443,0.7314750771805987,0.9202453987730062,,
2,3,proposed@안보,0.7315789473684211,0.6513995091097895,0.42424242424242425,,
2,3,proposed@비CBRN,0.7755102040816326,0.7189610389610389,0.8571428571428571,,
2,3,abl_char_title,0.7574171029668412,0.6943271355902156,0.8225352112676056,0.8588235294117647,0.7891891891891892
2,3,abl_word_tb,0.7643979057591623,0.6941630372441574,0.8401084010840109,0.842391304347826,0.8378378378378378
2,3,abl_char_tb_bk,0.7731239092495636,0.713189777825058,0.8287292817679558,0.847457627118644,0.8108108108108109
2,4,base_majority,0.3228621291448517,0.09762532981530343,0.48812664907651715,0.3228621291448517,1.0
2,4,base_random,0.19720767888307156,0.18130226937229044,0.2013888888888889,0.2815533980582524,0.15675675675675677
2,4,base_keyword,0.32809773123909247,0.1754217273954116,0.5208333333333334,0.5025125628140703,0.5405405405405406
2,4,proposed_char_tb,0.7364746945898778,0.6730190205704731,0.8356545961002786,0.8620689655172413,0.8108108108108109
2,4,proposed@산업,0.8082901554404145,0.6918913177405306,0.8846153846153846,,
2,4,proposed@안보,0.6348314606741573,0.48978635860104447,0.4,,
2,4,proposed@비CBRN,0.7574257425742574,0.6971747087600746,0.8809523809523809,,
2,4,abl_char_title,0.731239092495637,0.6451427044407123,0.827027027027027,0.827027027027027,0.827027027027027
2,4,abl_word_tb,0.7015706806282722,0.6068689799460946,0.8401084010840109,0.842391304347826,0.8378378378378378
2,4,abl_char_tb_bk,0.7277486910994765,0.6658819591686369,0.83008356545961,0.8563218390804598,0.8054054054054054
3,0,base_majority,0.3205574912891986,0.0970976253298153,0.48548812664907653,0.3205574912891986,1.0
3,0,base_random,0.1986062717770035,0.17893353195652328,0.2222222222222222,0.2920353982300885,0.1793478260869565
3,0,base_keyword,0.32229965156794427,0.17436395521381357,0.509915014164306,0.5325443786982249,0.4891304347826087
3,0,proposed_char_tb,0.7787456445993032,0.6972994473781192,0.8610354223433242,0.8633879781420765,0.8586956521739131
3,0,proposed@산업,0.8673469387755102,0.8054531714582497,0.9176470588235294,,
3,0,proposed@안보,0.6894736842105263,0.5791368956797222,0.45161290322580644,,
3,0,proposed@비CBRN,0.776595744680851,0.6417301607928522,0.8795180722891566,,
3,0,abl_char_title,0.759581881533101,0.6633968662695454,0.8655913978494624,0.8563829787234043,0.875
3,0,abl_word_tb,0.7543554006968641,0.6535050252868507,0.8906666666666667,0.8743455497382199,0.907608695652174
3,0,abl_char_tb_bk,0.7787456445993032,0.6956744790364169,0.875,0.875,0.875
3,1,base_majority,0.3205574912891986,0.0970976253298153,0.48548812664907653,0.3205574912891986,1.0
3,1,base_random,0.18989547038327526,0.17552177095617122,0.22591362126245848,0.2905982905982906,0.18478260869565216
3,1,base_keyword,0.3205574912891986,0.17330506659814127,0.5138121546961326,0.5224719101123596,0.5054347826086957
3,1,proposed_char_tb,0.7822299651567944,0.741219898812238,0.8888888888888888,0.865979381443299,0.9130434782608695
3,1,proposed@산업,0.8613861386138614,0.7604729739853819,0.9326424870466321,,
3,1,proposed@안보,0.6987951807228916,0.6943722943722943,0.5625,,
3,1,proposed@비CBRN,0.7718446601941747,0.7063470814306511,0.9019607843137255,,
3,1,abl_char_title,0.7334494773519163,0.691910442974694,0.8657534246575342,0.8729281767955801,0.8586956521739131
3,1,abl_word_tb,0.7613240418118467,0.7171892631065733,0.8638743455497382,0.8333333333333334,0.8967391304347826
3,1,abl_char_tb_bk,0.7717770034843205,0.7222343472600452,0.8793565683646113,0.8677248677248677,0.8913043478260869
3,2,base_majority,0.32111692844677137,0.09722589167767504,0.4861294583883752,0.32111692844677137,1.0
3,2,base_random,0.2024432809773124,0.18259662172430105,0.24489795918367346,0.32727272727272727,0.1956521739130435
3,2,base_keyword,0.30715532286212915,0.16384302768605535,0.47244094488188976,0.45685279187817257,0.4891304347826087
3,2,proposed_char_tb,0.7609075043630017,0.7091465151132755,0.8515406162464986,0.8786127167630058,0.8260869565217391
3,2,proposed@산업,0.8269230769230769,0.7544783869773103,0.8876404494382022,,
3,2,proposed@안보,0.7005988023952096,0.5620529502123429,0.6451612903225806,,
3,2,proposed@비CBRN,0.7424242424242424,0.7126936788191603,0.8513513513513513,,
3,2,abl_char_title,0.6980802792321117,0.6087763565824005,0.8065395095367848,0.8087431693989071,0.8043478260869565
3,2,abl_word_tb,0.7382198952879581,0.6817549922339949,0.8453038674033149,0.8595505617977528,0.8315217391304348
3,2,abl_char_tb_bk,0.7539267015706806,0.7221378428543304,0.8426966292134831,0.872093023255814,0.8152173913043478
3,3,base_majority,0.3228621291448517,0.09762532981530343,0.48812664907651715,0.3228621291448517,1.0
3,3,base_random,0.2111692844677138,0.19324628121970316,0.2925170068027211,0.3944954128440367,0.23243243243243245
3,3,base_keyword,0.33158813263525305,0.17657068062827225,0.5078534031413613,0.49238578680203043,0.5243243243243243
3,3,proposed_char_tb,0.7591623036649214,0.7113566954716996,0.8293963254593176,0.8061224489795918,0.8540540540540541
3,3,proposed@산업,0.8324022346368715,0.7325460186113545,0.9078947368421053,,
3,3,proposed@안보,0.6951871657754011,0.5768752183700637,0.375,,
3,3,proposed@비CBRN,0.7536231884057971,0.683860072218726,0.8426395939086294,,
3,3,abl_char_title,0.7050610820244329,0.6551969698732909,0.8010899182561307,0.8076923076923077,0.7945945945945946
3,3,abl_word_tb,0.7329842931937173,0.671521545167064,0.814621409921671,0.7878787878787878,0.8432432432432433
3,3,abl_char_tb_bk,0.7626527050610821,0.6983373291706381,0.8398950131233596,0.8163265306122449,0.8648648648648649
3,4,base_majority,0.3228621291448517,0.09762532981530343,0.48812664907651715,0.3228621291448517,1.0
3,4,base_random,0.2268760907504363,0.2100065952523133,0.2847682119205298,0.36752136752136755,0.23243243243243245
3,4,base_keyword,0.32809773123909247,0.17492951819903219,0.5154639175257731,0.49261083743842365,0.5405405405405406
3,4,proposed_char_tb,0.7643979057591623,0.7142199452375136,0.8789473684210526,0.8564102564102564,0.9027027027027027
3,4,proposed@산업,0.8406593406593407,0.7882740379710077,0.9012345679012346,,
3,4,proposed@안보,0.6684210526315789,0.5939335476297931,0.5714285714285714,,
3,4,proposed@비CBRN,0.7860696517412935,0.6887995053947867,0.9052631578947369,,
3,4,abl_char_title,0.7015706806282722,0.6334028393966282,0.8097826086956522,0.8142076502732241,0.8054054054054054
3,4,abl_word_tb,0.7399650959860384,0.6753671280273303,0.8733850129198967,0.8366336633663366,0.9135135135135135
3,4,abl_char_tb_bk,0.7574171029668412,0.7212548256534024,0.870026525198939,0.8541666666666666,0.8864864864864865
4,0,base_majority,0.3205574912891986,0.0970976253298153,0.48548812664907653,0.3205574912891986,1.0
4,0,base_random,0.20905923344947736,0.18680693693347036,0.26332288401253917,0.3111111111111111,0.22826086956521738
4,0,base_keyword,0.3153310104529617,0.16937190197049318,0.4932249322493225,0.4918918918918919,0.4945652173913043
4,0,proposed_char_tb,0.764808362369338,0.6942428254754681,0.8548387096774194,0.8457446808510638,0.8641304347826086
4,0,proposed@산업,0.8258706467661692,0.7163471245372542,0.891566265060241,,
4,0,proposed@안보,0.711864406779661,0.5685990313594866,0.6060606060606061,,
4,0,proposed@비CBRN,0.75,0.6594347952195636,0.8670520231213873,,
4,0,abl_char_title,0.705574912891986,0.6019576931827239,0.8247978436657682,0.8181818181818182,0.8315217391304348
4,0,abl_word_tb,0.7334494773519163,0.6549056974677585,0.8268733850129198,0.7881773399014779,0.8695652173913043
4,0,abl_char_tb_bk,0.764808362369338,0.67904272687917,0.848,0.8324607329842932,0.8641304347826086
4,1,base_majority,0.3205574912891986,0.0970976253298153,0.48548812664907653,0.3205574912891986,1.0
4,1,base_random,0.21602787456445993,0.19390970349840575,0.2588996763754045,0.32,0.21739130434782608
4,1,base_keyword,0.3397212543554007,0.18121693121693122,0.5357142857142857,0.5048076923076923,0.5706521739130435
4,1,proposed_char_tb,0.7926829268292683,0.7436149515926498,0.8753315649867374,0.8549222797927462,0.8967391304347826
4,1,proposed@산업,0.8888888888888888,0.8124226588540655,0.9180327868852459,,
4,1,proposed@안보,0.7041420118343196,0.6289018966759831,0.5,,
4,1,proposed@비CBRN,0.7729468599033816,0.710000862921604,0.8735632183908046,,
4,1,abl_char_title,0.7142857142857143,0.6314831758540368,0.8288770053475936,0.8157894736842105,0.842391304347826
4,1,abl_word_tb,0.7560975609756098,0.6791916218504681,0.8608247422680413,0.8186274509803921,0.907608695652174
4,1,abl_char_tb_bk,0.7682926829268293,0.7137652813796699,0.8571428571428571,0.8502673796791443,0.8641304347826086
4,2,base_majority,0.32111692844677137,0.09722589167767504,0.4861294583883752,0.32111692844677137,1.0
4,2,base_random,0.2006980802792321,0.18572679094169073,0.21830985915492956,0.31,0.16847826086956522
4,2,base_keyword,0.3158813263525305,0.1687369675305332,0.48257372654155495,0.47619047619047616,0.4891304347826087
4,2,proposed_char_tb,0.7609075043630017,0.7148597142296308,0.8587570621468926,0.8941176470588236,0.8260869565217391
4,2,proposed@산업,0.8324607329842932,0.7312983056443504,0.9221556886227545,,
4,2,proposed@안보,0.6717171717171717,0.5843064182194617,0.4,,
4,2,proposed@비CBRN,0.782608695652174,0.733871974148929,0.8789808917197452,,
4,2,abl_char_title,0.7364746945898778,0.6563423792152913,0.8271954674220963,0.863905325443787,0.7934782608695652
4,2,abl_word_tb,0.7242582897033158,0.6645357551110378,0.8484848484848485,0.8603351955307262,0.8369565217391305
4,2,abl_char_tb_bk,0.7539267015706806,0.7099368486951104,0.8595505617977528,0.8895348837209303,0.8315217391304348
4,3,base_majority,0.3228621291448517,0.09762532981530343,0.48812664907651715,0.3228621291448517,1.0
4,3,base_random,0.17452006980802792,0.1586105557416609,0.18620689655172415,0.2571428571428571,0.14594594594594595
4,3,base_keyword,0.35776614310645727,0.19111111111111112,0.5555555555555556,0.5440414507772021,0.5675675675675675
4,3,proposed_char_tb,0.7661431064572426,0.6973744466690186,0.8624338624338624,0.844559585492228,0.8810810810810811
4,3,proposed@산업,0.8522727272727273,0.7420692931225336,0.9156626506024096,,
4,3,proposed@안보,0.7045454545454546,0.6307859971111858,0.5142857142857142,,
4,3,proposed@비CBRN,0.746606334841629,0.6638639053419703,0.8813559322033898,,
4,3,abl_char_title,0.6980802792321117,0.6100420009926639,0.8284960422163589,0.8092783505154639,0.8486486486486486
4,3,abl_word_tb,0.743455497382199,0.6498546341553905,0.8616187989556136,0.8333333333333334,0.8918918918918919
4,3,abl_char_tb_bk,0.743455497382199,0.6902561243895938,0.8534031413612565,0.8274111675126904,0.8810810810810811
4,4,base_majority,0.3228621291448517,0.09762532981530343,0.48812664907651715,0.3228621291448517,1.0
4,4,base_random,0.2338568935427574,0.2122038121367365,0.3127035830618892,0.39344262295081966,0.2594594594594595
4,4,base_keyword,0.28097731239092494,0.1518609565704921,0.4463276836158192,0.46745562130177515,0.42702702702702705
4,4,proposed_char_tb,0.7574171029668412,0.7022040983757167,0.8446866485013624,0.8516483516483516,0.8378378378378378
4,4,proposed@산업,0.8208955223880597,0.744450382950383,0.8914285714285715,,
4,4,proposed@안보,0.7055555555555556,0.5964106463219413,0.46153846153846156,,
4,4,proposed@비CBRN,0.7395833333333334,0.6512635777336563,0.8554216867469879,,
4,4,abl_char_title,0.7155322862129145,0.6433668979422403,0.8273972602739726,0.8388888888888889,0.8162162162162162
4,4,abl_word_tb,0.7242582897033158,0.635763450929566,0.8473684210526315,0.8256410256410256,0.8702702702702703
4,4,abl_char_tb_bk,0.7556719022687609,0.6946386634996753,0.8421052631578947,0.8636363636363636,0.8216216216216217
5,0,base_majority,0.3205574912891986,0.0970976253298153,0.48548812664907653,0.3205574912891986,1.0
5,0,base_random,0.2038327526132404,0.18687381794437402,0.21379310344827587,0.29245283018867924,0.16847826086956522
5,0,base_keyword,0.30139372822299654,0.16141091219096335,0.46195652173913043,0.46195652173913043,0.46195652173913043
5,0,proposed_char_tb,0.7752613240418118,0.7282704219469387,0.8776595744680851,0.859375,0.8967391304347826
5,0,proposed@산업,0.855,0.7662419485930718,0.9162011173184358,,
5,0,proposed@안보,0.7010869565217391,0.6705558439942914,0.6470588235294118,,
5,0,proposed@비CBRN,0.7631578947368421,0.6861785553581814,0.8834355828220859,,
5,0,abl_char_title,0.7439024390243902,0.6532820148713949,0.868421052631579,0.8418367346938775,0.8967391304347826
5,0,abl_word_tb,0.759581881533101,0.681361332216171,0.8675324675324675,0.8308457711442786,0.907608695652174
5,0,abl_char_tb_bk,0.7578397212543554,0.7240173501859101,0.8556149732620321,0.8421052631578947,0.8695652173913043
5,1,base_majority,0.3205574912891986,0.0970976253298153,0.48548812664907653,0.3205574912891986,1.0
5,1,base_random,0.21254355400696864,0.19661997288878014,0.22456140350877193,0.31683168316831684,0.17391304347826086
5,1,base_keyword,0.3327526132404181,0.1779812734675771,0.5196850393700787,0.5025380710659898,0.5380434782608695
5,1,proposed_char_tb,0.7735191637630662,0.7171634260791062,0.8586666666666667,0.8429319371727748,0.875
5,1,proposed@산업,0.8578431372549019,0.771294343240652,0.9333333333333333,,
5,1,proposed@안보,0.7175141242937854,0.6322606136936546,0.5555555555555556,,
5,1,proposed@비CBRN,0.7357512953367875,0.6655534591194969,0.8427672955974843,,
5,1,abl_char_title,0.7317073170731707,0.6911521828730965,0.8206521739130435,0.8206521739130435,0.8206521739130435
5,1,abl_word_tb,0.7578397212543554,0.7022312238831886,0.8647214854111406,0.844559585492228,0.8858695652173914
5,1,abl_char_tb_bk,0.7560975609756098,0.6940574675868794,0.8556149732620321,0.8421052631578947,0.8695652173913043
5,2,base_majority,0.32111692844677137,0.09722589167767504,0.4861294583883752,0.32111692844677137,1.0
5,2,base_random,0.18848167539267016,0.17090977013322425,0.23208191126279865,0.3119266055045872,0.18478260869565216
5,2,base_keyword,0.32809773123909247,0.17558075338684334,0.5106382978723404,0.5,0.5217391304347826
5,2,proposed_char_tb,0.7696335078534031,0.6778539689360421,0.8555858310626703,0.8579234972677595,0.8532608695652174
5,2,proposed@산업,0.8369565217391305,0.7230152774055213,0.9024390243902439,,
5,2,proposed@안보,0.6797752808988764,0.6044576762851971,0.4,,
5,2,proposed@비CBRN,0.7867298578199052,0.6460435122221381,0.8764044943820225,,
5,2,abl_char_title,0.7050610820244329,0.6189471847225858,0.8154269972451791,0.8268156424581006,0.8043478260869565
5,2,abl_word_tb,0.731239092495637,0.6301968090472861,0.8540540540540541,0.8494623655913979,0.8586956521739131
5,2,abl_char_tb_bk,0.7574171029668412,0.6529867745126154,0.8626373626373627,0.8722222222222222,0.8532608695652174
5,3,base_majority,0.3228621291448517,0.09762532981530343,0.48812664907651715,0.3228621291448517,1.0
5,3,base_random,0.19546247818499127,0.17358016868945905,0.23208191126279865,0.3148148148148148,0.1837837837837838
5,3,base_keyword,0.3368237347294939,0.18061106769379628,0.5283018867924528,0.5268817204301075,0.5297297297297298
5,3,proposed_char_tb,0.7696335078534031,0.7332959528370694,0.8548387096774194,0.8502673796791443,0.8594594594594595
5,3,proposed@산업,0.8315217391304348,0.7672171320140959,0.8823529411764706,,
5,3,proposed@안보,0.6972972972972973,0.6053826417670811,0.5,,
5,3,proposed@비CBRN,0.7794117647058824,0.7567733990147784,0.8850574712643678,,
5,3,abl_char_title,0.7242582897033158,0.6495199567108686,0.8254847645429363,0.8465909090909091,0.8054054054054054
5,3,abl_word_tb,0.731239092495637,0.6719907954616829,0.8311688311688312,0.8,0.8648648648648649
5,3,abl_char_tb_bk,0.7486910994764397,0.7085936345373323,0.8438356164383561,0.8555555555555555,0.8324324324324325
5,4,base_majority,0.3228621291448517,0.09762532981530343,0.48812664907651715,0.3228621291448517,1.0
5,4,base_random,0.18848167539267016,0.17229812677259598,0.22950819672131148,0.2916666666666667,0.1891891891891892
5,4,base_keyword,0.3106457242582897,0.16717599489253035,0.4972972972972973,0.4972972972972973,0.4972972972972973
5,4,proposed_char_tb,0.7504363001745201,0.6985007906319175,0.8260869565217391,0.8306010928961749,0.8216216216216217
5,4,proposed@산업,0.8461538461538461,0.7760950124556273,0.9036144578313253,,
5,4,proposed@안보,0.6704545454545454,0.5117754083100617,0.46153846153846156,,
5,4,proposed@비CBRN,0.7277227722772277,0.6576258672834016,0.8068181818181818,,
5,4,abl_char_title,0.7015706806282722,0.6392942098014982,0.8206521739130435,0.825136612021858,0.8162162162162162
5,4,abl_word_tb,0.7329842931937173,0.6728701855130421,0.8235294117647058,0.8148148148148148,0.8324324324324325
5,4,abl_char_tb_bk,0.7539267015706806,0.7236934983593102,0.8337874659400545,0.8406593406593407,0.827027027027027
6,0,base_majority,0.3205574912891986,0.0970976253298153,0.48548812664907653,0.3205574912891986,1.0
6,0,base_random,0.20209059233449478,0.18646780725298773,0.24104234527687296,0.3008130081300813,0.20108695652173914
6,0,base_keyword,0.313588850174216,0.16787550587579006,0.5012919896640827,0.47783251231527096,0.5271739130434783
6,0,proposed_char_tb,0.759581881533101,0.7104079752873194,0.8310249307479224,0.847457627118644,0.8152173913043478
6,0,proposed@산업,0.8541666666666666,0.7991500703795182,0.9079754601226994,,
6,0,proposed@안보,0.6701570680628273,0.5113990656410604,0.4117647058823529,,
6,0,proposed@비CBRN,0.7539267015706806,0.6780055019839105,0.8414634146341463,,
6,0,abl_char_title,0.7177700348432056,0.6473918253228599,0.8342857142857143,0.8795180722891566,0.7934782608695652
6,0,abl_word_tb,0.7386759581881533,0.6530394143940644,0.8254847645429363,0.8418079096045198,0.8097826086956522
6,0,abl_char_tb_bk,0.7456445993031359,0.6972926377789082,0.85,0.8693181818181818,0.8315217391304348
6,1,base_majority,0.3205574912891986,0.0970976253298153,0.48548812664907653,0.3205574912891986,1.0
6,1,base_random,0.19337979094076654,0.17381575065624935,0.2733333333333333,0.35344827586206895,0.22282608695652173
6,1,base_keyword,0.3083623693379791,0.1645341139858111,0.4751958224543081,0.457286432160804,0.4945652173913043
6,1,proposed_char_tb,0.7386759581881533,0.7134074172450569,0.8455284552845529,0.8432432432432433,0.8478260869565217
6,1,proposed@산업,0.8167539267015707,0.7846863181597022,0.9005847953216374,,
6,1,proposed@안보,0.6949152542372882,0.6274687279774489,0.5,,
6,1,proposed@비CBRN,0.7038834951456311,0.6639782004510489,0.8554216867469879,,
6,1,abl_char_title,0.6968641114982579,0.6008933299751417,0.8199445983379502,0.8361581920903954,0.8043478260869565
6,1,abl_word_tb,0.7421602787456446,0.6935795637303642,0.8467532467532467,0.8109452736318408,0.8858695652173914
6,1,abl_char_tb_bk,0.7264808362369338,0.6974228738845358,0.8209366391184573,0.8324022346368715,0.8097826086956522
6,2,base_majority,0.32111692844677137,0.09722589167767504,0.4861294583883752,0.32111692844677137,1.0
6,2,base_random,0.1762652705061082,0.1624086707012727,0.18556701030927836,0.2523364485981308,0.14673913043478262
6,2,base_keyword,0.3368237347294939,0.18087682583069958,0.5271739130434783,0.5271739130434783,0.5271739130434783
6,2,proposed_char_tb,0.7888307155322862,0.7381771604507754,0.873015873015873,0.8505154639175257,0.8967391304347826
6,2,proposed@산업,0.8449197860962567,0.7248496005396512,0.9058823529411765,,
6,2,proposed@안보,0.7049180327868853,0.6376445787621222,0.6060606060606061,,
6,2,proposed@비CBRN,0.812807881773399,0.7474126984126983,0.8914285714285715,,
6,2,abl_char_title,0.7609075043630017,0.6973786613240025,0.843501326259947,0.8238341968911918,0.8641304347826086
6,2,abl_word_tb,0.743455497382199,0.6734533536063594,0.8586387434554974,0.8282828282828283,0.8913043478260869
6,2,abl_char_tb_bk,0.7783595113438045,0.7112434120272358,0.8723404255319149,0.8541666666666666,0.8913043478260869
6,3,base_majority,0.3228621291448517,0.09762532981530343,0.48812664907651715,0.3228621291448517,1.0
6,3,base_random,0.18848167539267016,0.16957043935692784,0.27986348122866894,0.37962962962962965,0.22162162162162163
6,3,base_keyword,0.3106457242582897,0.16667097942812784,0.4745762711864407,0.4970414201183432,0.4540540540540541
6,3,proposed_char_tb,0.7486910994764397,0.6756929659293348,0.8364611260053619,0.8297872340425532,0.8432432432432433
6,3,proposed@산업,0.8290155440414507,0.6781609447071875,0.8901734104046243,,
6,3,proposed@안보,0.6746987951807228,0.6212002040986497,0.5333333333333333,,
6,3,proposed@비CBRN,0.7336448598130841,0.6654443885816435,0.8352941176470589,,
6,3,abl_char_title,0.7155322862129145,0.6590251483921987,0.8085106382978723,0.7958115183246073,0.8216216216216217
6,3,abl_word_tb,0.7469458987783595,0.6830484585169673,0.8461538461538461,0.8048780487804879,0.8918918918918919
6,3,abl_char_tb_bk,0.7521815008726004,0.6794437390406911,0.8364611260053619,0.8297872340425532,0.8432432432432433
6,4,base_majority,0.3228621291448517,0.09762532981530343,0.48812664907651715,0.3228621291448517,1.0
6,4,base_random,0.17975567190226877,0.1602726855002246,0.22641509433962265,0.2706766917293233,0.1945945945945946
6,4,base_keyword,0.3403141361256545,0.18262456497750618,0.5401069518716578,0.5343915343915344,0.5459459459459459
6,4,proposed_char_tb,0.7975567190226877,0.7306107212792147,0.8834688346883469,0.8858695652173914,0.8810810810810811
6,4,proposed@산업,0.8921568627450981,0.8264123326192291,0.9405405405405406,,
6,4,proposed@안보,0.7213114754098361,0.5986005821960878,0.3,,
6,4,proposed@비CBRN,0.7688172043010753,0.6545530177759404,0.8902439024390244,,
6,4,abl_char_title,0.7277486910994765,0.6369457303086603,0.8463611859838275,0.8440860215053764,0.8486486486486486
6,4,abl_word_tb,0.7661431064572426,0.6655926314321449,0.8647214854111406,0.8489583333333334,0.8810810810810811
6,4,abl_char_tb_bk,0.7835951134380453,0.703979703709042,0.8828337874659401,0.8901098901098901,0.8756756756756757
7,0,base_majority,0.3205574912891986,0.0970976253298153,0.48548812664907653,0.3205574912891986,1.0
7,0,base_random,0.19686411149825783,0.17823595934601238,0.27702702702702703,0.36607142857142855,0.22282608695652173
7,0,base_keyword,0.31881533101045295,0.17004351711338245,0.48548812664907653,0.4717948717948718,0.5
7,0,proposed_char_tb,0.7543554006968641,0.6922587414556691,0.8594164456233422,0.8393782383419689,0.8804347826086957
7,0,proposed@산업,0.8578680203045685,0.7686068183712595,0.9069767441860465,,
7,0,proposed@안보,0.6497175141242938,0.6155337582865531,0.5161290322580645,,
7,0,proposed@비CBRN,0.745,0.6498870588253004,0.8735632183908046,,
7,0,abl_char_title,0.7247386759581882,0.6456643897549869,0.8351063829787234,0.8177083333333334,0.8532608695652174
7,0,abl_word_tb,0.7212543554006968,0.6268212129580215,0.8469387755102041,0.7980769230769231,0.9021739130434783
7,0,abl_char_tb_bk,0.7491289198606271,0.6699927431989723,0.8457446808510638,0.828125,0.8641304347826086
7,1,base_majority,0.3205574912891986,0.0970976253298153,0.48548812664907653,0.3205574912891986,1.0
7,1,base_random,0.21254355400696864,0.19081206897889322,0.26229508196721313,0.3305785123966942,0.21739130434782608
7,1,base_keyword,0.3048780487804878,0.16452011066184297,0.4918918918918919,0.489247311827957,0.4945652173913043
7,1,proposed_char_tb,0.764808362369338,0.7011413542044906,0.8587257617728532,0.8757062146892656,0.842391304347826
7,1,proposed@산업,0.8578680203045685,0.8053159743482325,0.9047619047619048,,
7,1,proposed@안보,0.7028571428571428,0.5469537126666723,0.5161290322580645,,
7,1,proposed@비CBRN,0.7277227722772277,0.6327353819020486,0.8765432098765432,,
7,1,abl_char_title,0.735191637630662,0.6629790503182523,0.8054054054054054,0.8010752688172043,0.8097826086956522
7,1,abl_word_tb,0.7473867595818815,0.6772574115063887,0.8406593406593407,0.85,0.8315217391304348
7,1,abl_char_tb_bk,0.7630662020905923,0.6998092143196677,0.8438356164383561,0.850828729281768,0.8369565217391305
7,2,base_majority,0.32111692844677137,0.09722589167767504,0.4861294583883752,0.32111692844677137,1.0
7,2,base_random,0.20593368237347295,0.186578431495825,0.24342105263157895,0.30833333333333335,0.20108695652173914
7,2,base_keyword,0.3193717277486911,0.1722787466839969,0.5175202156334232,0.5133689839572193,0.5217391304347826
7,2,proposed_char_tb,0.7661431064572426,0.7281638619522006,0.8702702702702703,0.8655913978494624,0.875
7,2,proposed@산업,0.845360824742268,0.7427339451018098,0.945054945054945,,
7,2,proposed@안보,0.6875,0.6174838185070743,0.56,,
7,2,proposed@비CBRN,0.7586206896551724,0.7421546123561898,0.8343558282208589,,
7,2,abl_char_title,0.743455497382199,0.6668986802839629,0.8455284552845529,0.8432432432432433,0.8478260869565217
7,2,abl_word_tb,0.7504363001745201,0.6735182381378341,0.8655913978494624,0.8563829787234043,0.875
7,2,abl_char_tb_bk,0.7626527050610821,0.7282461012604144,0.8602150537634409,0.851063829787234,0.8695652173913043
7,3,base_majority,0.3228621291448517,0.09762532981530343,0.48812664907651715,0.3228621291448517,1.0
7,3,base_random,0.19895287958115182,0.18052404603788896,0.26804123711340205,0.36792452830188677,0.21081081081081082
7,3,base_keyword,0.32460732984293195,0.17270213249718433,0.49076517150395776,0.4793814432989691,0.5027027027027027
7,3,proposed_char_tb,0.7731239092495636,0.7068072898617411,0.8471849865951743,0.8404255319148937,0.8540540540540541
7,3,proposed@산업,0.8914285714285715,0.8369965552487896,0.9182389937106918,,
7,3,proposed@안보,0.6702127659574468,0.5830091233817941,0.5128205128205128,,
7,3,proposed@비CBRN,0.7666666666666667,0.6783051774245492,0.8571428571428571,,
7,3,abl_char_title,0.7033158813263525,0.618853935936239,0.8333333333333334,0.8288770053475936,0.8378378378378378
7,3,abl_word_tb,0.7539267015706806,0.650571362725328,0.8563829787234043,0.8429319371727748,0.8702702702702703
7,3,abl_char_tb_bk,0.7556719022687609,0.6897561572874884,0.8440860215053764,0.839572192513369,0.8486486486486486
7,4,base_majority,0.3228621291448517,0.09762532981530343,0.48812664907651715,0.3228621291448517,1.0
7,4,base_random,0.20418848167539266,0.18741245114646649,0.24242424242424243,0.32142857142857145,0.1945945945945946
7,4,base_keyword,0.34205933682373474,0.1835243178679407,0.5340599455040872,0.5384615384615384,0.5297297297297298
7,4,proposed_char_tb,0.7783595113438045,0.751607954950706,0.8936170212765957,0.8795811518324608,0.9081081081081082
7,4,proposed@산업,0.8186274509803921,0.7485834165834166,0.9257142857142857,,
7,4,proposed@안보,0.7336956521739131,0.6986462766191192,0.56,,
7,4,proposed@비CBRN,0.7783783783783784,0.7004848484848485,0.9090909090909091,,
7,4,abl_char_title,0.6963350785340314,0.6398732717895023,0.8216216216216217,0.8216216216216217,0.8216216216216217
7,4,abl_word_tb,0.7469458987783595,0.6971352724797216,0.8691099476439791,0.8426395939086294,0.8972972972972973
7,4,abl_char_tb_bk,0.7626527050610821,0.7274629096938803,0.8834688346883469,0.8858695652173914,0.8810810810810811
8,0,base_majority,0.3205574912891986,0.0970976253298153,0.48548812664907653,0.3205574912891986,1.0
8,0,base_random,0.1951219512195122,0.1804947094668115,0.23717948717948717,0.2890625,0.20108695652173914
8,0,base_keyword,0.2961672473867596,0.15891307136443325,0.45604395604395603,0.46111111111111114,0.45108695652173914
8,0,proposed_char_tb,0.7700348432055749,0.7277861979271236,0.8524590163934426,0.8571428571428571,0.8478260869565217
8,0,proposed@산업,0.8526315789473684,0.7836962757863752,0.891566265060241,,
8,0,proposed@안보,0.7,0.61876611070694,0.5555555555555556,,
8,0,proposed@비CBRN,0.7549019607843137,0.6936956895091564,0.8780487804878049,,
8,0,abl_char_title,0.6986062717770035,0.6346474997417263,0.8184281842818428,0.8162162162162162,0.8206521739130435
8,0,abl_word_tb,0.7491289198606271,0.6725222396206648,0.8449197860962567,0.8315789473684211,0.8586956521739131
8,0,abl_char_tb_bk,0.7613240418118467,0.7117339507713936,0.8392370572207084,0.8415300546448088,0.8369565217391305
8,1,base_majority,0.3205574912891986,0.0970976253298153,0.48548812664907653,0.3205574912891986,1.0
8,1,base_random,0.17770034843205576,0.15612725524074572,0.27936507936507937,0.33587786259541985,0.2391304347826087
8,1,base_keyword,0.3240418118466899,0.17419205686113218,0.49859943977591037,0.5144508670520231,0.483695652173913
8,1,proposed_char_tb,0.7473867595818815,0.6764674881021485,0.8624338624338624,0.8402061855670103,0.8858695652173914
8,1,proposed@산업,0.7934782608695652,0.6381086419753087,0.8765432098765432,,
8,1,proposed@안보,0.7150837988826816,0.6782667470727172,0.5925925925925926,,
8,1,proposed@비CBRN,0.7345971563981043,0.6118523119392685,0.8888888888888888,,
8,1,abl_char_title,0.7090592334494773,0.6049673187500818,0.8272251308900523,0.797979797979798,0.8586956521739131
8,1,abl_word_tb,0.740418118466899,0.6565141816090468,0.8534704370179949,0.8097560975609757,0.9021739130434783
8,1,abl_char_tb_bk,0.7491289198606271,0.668783523862049,0.8647214854111406,0.844559585492228,0.8858695652173914
8,2,base_majority,0.32111692844677137,0.09722589167767504,0.4861294583883752,0.32111692844677137,1.0
8,2,base_random,0.23036649214659685,0.2089010766579505,0.29721362229102166,0.34532374100719426,0.2608695652173913
8,2,base_keyword,0.3228621291448517,0.1724301678925319,0.5077720207253886,0.48514851485148514,0.532608695652174
8,2,proposed_char_tb,0.7556719022687609,0.6992138041739133,0.862533692722372,0.8556149732620321,0.8695652173913043
8,2,proposed@산업,0.8333333333333334,0.7212969787357817,0.9080459770114943,,
8,2,proposed@안보,0.6766169154228856,0.5366750960810367,0.5714285714285714,,
8,2,proposed@비CBRN,0.7634408602150538,0.6829452450036168,0.8765432098765432,,
8,2,abl_char_title,0.7294938917975567,0.6862417129077056,0.8166666666666667,0.8352272727272727,0.7989130434782609
8,2,abl_word_tb,0.7347294938917975,0.673197580516225,0.8463611859838275,0.839572192513369,0.8532608695652174
8,2,abl_char_tb_bk,0.7486910994764397,0.6969176778316989,0.8509485094850948,0.8486486486486486,0.8532608695652174
8,3,base_majority,0.3228621291448517,0.09762532981530343,0.48812664907651715,0.3228621291448517,1.0
8,3,base_random,0.19022687609075042,0.17365408034069327,0.23841059602649006,0.3076923076923077,0.1945945945945946
8,3,base_keyword,0.3298429319371728,0.17783334746121895,0.5425531914893617,0.5340314136125655,0.5513513513513514
8,3,proposed_char_tb,0.8027923211169284,0.7624680616423944,0.8668407310704961,0.8383838383838383,0.8972972972972973
8,3,proposed@산업,0.8666666666666667,0.784980639625801,0.9371428571428572,,
8,3,proposed@안보,0.7592592592592593,0.7133286641260685,0.56,,
8,3,proposed@비CBRN,0.7711442786069652,0.7180799486730735,0.8415300546448088,,
8,3,abl_char_title,0.7207678883071553,0.6442909187194303,0.810958904109589,0.8222222222222222,0.8
8,3,abl_word_tb,0.7486910994764397,0.6813508615810558,0.8512820512820513,0.8097560975609757,0.8972972972972973
8,3,abl_char_tb_bk,0.7835951134380453,0.7313870855903379,0.8519480519480519,0.82,0.8864864864864865
8,4,base_majority,0.3228621291448517,0.09762532981530343,0.48812664907651715,0.3228621291448517,1.0
8,4,base_random,0.15881326352530542,0.14748646630385479,0.1643835616438356,0.22429906542056074,0.12972972972972974
8,4,base_keyword,0.3368237347294939,0.17911754621937387,0.5117493472584856,0.494949494949495,0.5297297297297298
8,4,proposed_char_tb,0.7661431064572426,0.694544725097617,0.8712328767123287,0.8833333333333333,0.8594594594594595
8,4,proposed@산업,0.868020304568528,0.7418922890500969,0.9508196721311475,,
8,4,proposed@안보,0.651685393258427,0.5185847219660168,0.5185185185185185,,
8,4,proposed@비CBRN,0.7676767676767676,0.7154805325156902,0.8387096774193549,,
8,4,abl_char_title,0.7452006980802792,0.688609994024932,0.8688524590163934,0.8784530386740331,0.8594594594594595
8,4,abl_word_tb,0.7399650959860384,0.6585219374554894,0.8787061994609164,0.8763440860215054,0.8810810810810811
8,4,abl_char_tb_bk,0.7469458987783595,0.6738327713130083,0.859504132231405,0.8764044943820225,0.8432432432432433
9,0,base_majority,0.3205574912891986,0.0970976253298153,0.48548812664907653,0.3205574912891986,1.0
9,0,base_random,0.20034843205574912,0.1845132658797608,0.3003194888178914,0.3643410852713178,0.2554347826086957
9,0,base_keyword,0.34494773519163763,0.18570328882754228,0.5522788203753352,0.544973544973545,0.5597826086956522
9,0,proposed_char_tb,0.7857142857142857,0.7248255988908346,0.8453038674033149,0.8595505617977528,0.8315217391304348
9,0,proposed@산업,0.8557213930348259,0.7247714657530608,0.9325153374233128,,
9,0,proposed@안보,0.7262569832402235,0.6418574433155739,0.48484848484848486,,
9,0,proposed@비CBRN,0.7680412371134021,0.7065773091715438,0.8313253012048193,,
9,0,abl_char_title,0.7491289198606271,0.6629053115377057,0.8235294117647058,0.8105263157894737,0.8369565217391305
9,0,abl_word_tb,0.7526132404181185,0.6674803535988787,0.8663101604278075,0.8526315789473684,0.8804347826086957
9,0,abl_char_tb_bk,0.7735191637630662,0.7120243306145216,0.8493150684931506,0.856353591160221,0.842391304347826
9,1,base_majority,0.3205574912891986,0.0970976253298153,0.48548812664907653,0.3205574912891986,1.0
9,1,base_random,0.2073170731707317,0.19197194743934126,0.2608695652173913,0.3391304347826087,0.21195652173913043
9,1,base_keyword,0.30662020905923343,0.16392468313936578,0.47493403693931396,0.46153846153846156,0.4891304347826087
9,1,proposed_char_tb,0.7735191637630662,0.7329101935784403,0.8484848484848485,0.8603351955307262,0.8369565217391305
9,1,proposed@산업,0.845,0.762012785619343,0.907103825136612,,
9,1,proposed@안보,0.712707182320442,0.6254898794898794,0.48,,
9,1,proposed@비CBRN,0.7564766839378239,0.7239269269629801,0.8387096774193549,,
9,1,abl_char_title,0.7439024390243902,0.6881747444764702,0.8388888888888889,0.8579545454545454,0.8206521739130435
9,1,abl_word_tb,0.7700348432055749,0.7026367688675786,0.8346456692913385,0.8071065989847716,0.8641304347826086
9,1,abl_char_tb_bk,0.7839721254355401,0.7461801123740288,0.861878453038674,0.8764044943820225,0.8478260869565217
9,2,base_majority,0.32111692844677137,0.09722589167767504,0.4861294583883752,0.32111692844677137,1.0
9,2,base_random,0.23211169284467714,0.21527557020094332,0.24025974025974026,0.29838709677419356,0.20108695652173914
9,2,base_keyword,0.3019197207678883,0.16214640211810355,0.46831955922865015,0.4748603351955307,0.46195652173913043
9,2,proposed_char_tb,0.7504363001745201,0.6933035600182433,0.8481675392670157,0.8181818181818182,0.8804347826086957
9,2,proposed@산업,0.8168316831683168,0.6811291648137006,0.8854166666666666,,
9,2,proposed@안보,0.6577540106951871,0.5546791215015514,0.48484848484848486,,
9,2,proposed@비CBRN,0.7717391304347826,0.734031486895047,0.8789808917197452,,
9,2,abl_char_title,0.7050610820244329,0.5981567701566901,0.8418230563002681,0.8306878306878307,0.8532608695652174
9,2,abl_word_tb,0.7207678883071553,0.6581762696541439,0.8415584415584415,0.8059701492537313,0.8804347826086957
9,2,abl_char_tb_bk,0.7207678883071553,0.6536196204925029,0.8232189973614775,0.8,0.8478260869565217
9,3,base_majority,0.3228621291448517,0.09762532981530343,0.48812664907651715,0.3228621291448517,1.0
9,3,base_random,0.17975567190226877,0.16148640243783183,0.24299065420560748,0.2867647058823529,0.21081081081081082
9,3,base_keyword,0.30715532286212915,0.16532789323813168,0.4946236559139785,0.4919786096256685,0.4972972972972973
9,3,proposed_char_tb,0.7731239092495636,0.7140487736784873,0.8759894459102903,0.8556701030927835,0.8972972972972973
9,3,proposed@산업,0.8333333333333334,0.7909782953685394,0.9024390243902439,,
9,3,proposed@안보,0.6842105263157895,0.5510239618898363,0.5806451612903226,,
9,3,proposed@비CBRN,0.7916666666666666,0.7246478570215775,0.9021739130434783,,
9,3,abl_char_title,0.7207678883071553,0.6241603479878968,0.8571428571428571,0.8548387096774194,0.8594594594594595
9,3,abl_word_tb,0.7347294938917975,0.6614761059623391,0.8623376623376623,0.83,0.8972972972972973
9,3,abl_char_tb_bk,0.7347294938917975,0.6654085146994194,0.8556149732620321,0.8465608465608465,0.8648648648648649
9,4,base_majority,0.3228621291448517,0.09762532981530343,0.48812664907651715,0.3228621291448517,1.0
9,4,base_random,0.225130890052356,0.20223683384135288,0.2569444444444444,0.3592233009708738,0.2
9,4,base_keyword,0.34904013961605584,0.1857012177389079,0.5277044854881267,0.5154639175257731,0.5405405405405406
9,4,proposed_char_tb,0.7731239092495636,0.7239595527621187,0.8524590163934426,0.861878453038674,0.8432432432432433
9,4,proposed@산업,0.8651685393258427,0.8001020785400028,0.9299363057324841,,
9,4,proposed@안보,0.7032967032967034,0.6561408976302593,0.3076923076923077,,
9,4,proposed@비CBRN,0.755868544600939,0.6460108609491119,0.8633879781420765,,
9,4,abl_char_title,0.7102966841186736,0.6551816463672364,0.8096514745308311,0.8031914893617021,0.8162162162162162
9,4,abl_word_tb,0.7609075043630017,0.6978457718790512,0.8586956521739131,0.8633879781420765,0.8540540540540541
9,4,abl_char_tb_bk,0.7609075043630017,0.6988004931859471,0.8532608695652174,0.8579234972677595,0.8486486486486486
